doc_id,true_label,raw_prediction,raw_confidence,raw_margin,raw_used_field,raw_correct,specific_masking_prediction,specific_masking_confidence,specific_masking_margin,specific_masking_used_field,specific_masking_correct,generic_masking_prediction,generic_masking_confidence,generic_masking_margin,generic_masking_used_field,generic_masking_correct
syn_doc_001,Policy_Procedure_Contract,Policy_Procedure_Contract,0.10227989578187424,0.0307616731633249,text,True,Policy_Procedure_Contract,0.10683836097444223,0.024687613138508507,anonymized_text,True,Policy_Procedure_Contract,0.1054696938958538,0.02437134917635647,anonymized_text,True
syn_doc_002,Policy_Procedure_Contract,Policy_Procedure_Contract,0.11411504247091897,0.026399261075651645,text,True,Policy_Procedure_Contract,0.11974139435955039,0.030798180521642918,anonymized_text,True,Policy_Procedure_Contract,0.1195700555386661,0.030754111184015887,anonymized_text,True
syn_doc_003,Policy_Procedure_Contract,Reports,0.07060543423227812,0.006206999124788282,text,False,Policy_Procedure_Contract,0.07263327556754746,0.005777236605280137,anonymized_text,True,Policy_Procedure_Contract,0.07250833064136683,0.005767298510164179,anonymized_text,True
syn_doc_004,Policy_Procedure_Contract,Forms_Structured,0.17737135574955445,0.10009243610961505,text,False,Forms_Structured,0.15183068582486706,0.0697677550332071,anonymized_text,False,Forms_Structured,0.15115500584475677,0.06945727316271386,anonymized_text,False
syn_doc_005,Policy_Procedure_Contract,Policy_Procedure_Contract,0.24726483312411457,0.1897817204479262,text,True,Policy_Procedure_Contract,0.2527245797799087,0.20037133059858858,anonymized_text,True,Policy_Procedure_Contract,0.251769736650556,0.1996142883334162,anonymized_text,True
syn_doc_006,Policy_Procedure_Contract,Policy_Procedure_Contract,0.08818048385449134,0.04309037050486589,text,True,Policy_Procedure_Contract,0.09659614026119351,0.04803884647268235,anonymized_text,True,Policy_Procedure_Contract,0.09628573271791663,0.04788447570512249,anonymized_text,True
syn_doc_007,Policy_Procedure_Contract,Forms_Structured,0.1638585968546,0.08091231918394344,text,False,Forms_Structured,0.14181105271768915,0.046314169750824294,anonymized_text,False,Forms_Structured,0.14058506070640758,0.045913772172247055,anonymized_text,False
syn_doc_008,Policy_Procedure_Contract,Reports,0.09409008554090528,0.03325089312526911,text,False,Reports,0.10443560668446358,0.04008519610449067,anonymized_text,False,Reports,0.10407016747386803,0.03994493070185598,anonymized_text,False
syn_doc_009,Policy_Procedure_Contract,Reports,0.08404658528812765,0.03373149397652313,text,False,Reports,0.07865095596477974,0.027518863977648467,anonymized_text,False,Reports,0.0782122597792681,0.02736537034863252,anonymized_text,False
syn_doc_010,Policy_Procedure_Contract,Reports,0.094836515031075,0.0033342675245810888,text,False,Policy_Procedure_Contract,0.09425308768097974,0.0003140552350890946,anonymized_text,True,Policy_Procedure_Contract,0.09371538625793169,0.0003122635914307309,anonymized_text,True
syn_doc_011,Policy_Procedure_Contract,Policy_Procedure_Contract,0.13232309188464839,0.036972226911090075,text,True,Policy_Procedure_Contract,0.1365926524881183,0.047804864787185194,anonymized_text,True,Policy_Procedure_Contract,0.1353545339319792,0.047371546529661204,anonymized_text,True
syn_doc_012,Policy_Procedure_Contract,Reports,0.085969988340049,0.01822606089529126,text,False,Reports,0.08049484862262381,0.014480807538435572,anonymized_text,False,Reports,0.07968968124103053,0.014335960084361332,anonymized_text,False
syn_doc_013,Policy_Procedure_Contract,Reports,0.12128039960543004,0.04685261908256401,text,False,Reports,0.11855922666373901,0.039240519403171845,anonymized_text,False,Reports,0.11833756406839228,0.03916715391641533,anonymized_text,False
syn_doc_014,Reports,Reports,0.053228371824105725,0.012683461862996064,text,True,Reports,0.05365625563369009,0.011479752572883209,anonymized_text,True,Reports,0.053259554119037295,0.011394878308368883,anonymized_text,True
syn_doc_015,Reports,Reports,0.1530255204062675,0.09105390136463201,text,True,Reports,0.16797986731200662,0.10480098382374425,anonymized_text,True,Reports,0.16708551833610852,0.1042430083112277,anonymized_text,True
syn_doc_016,Reports,Reports,0.07484760290991009,0.02443268129677103,text,True,Reports,0.07564871047877789,0.025095790477873574,anonymized_text,True,Reports,0.07543688598527416,0.025025519576051106,anonymized_text,True
syn_doc_017,Reports,Reports,0.10354228371440281,0.06784307290646714,text,True,Reports,0.10281198584044818,0.06549749017993077,anonymized_text,True,Reports,0.1025511761286919,0.06533133852557893,anonymized_text,True
syn_doc_018,Reports,Forms_Structured,0.04900007187919997,0.010577858662172132,text,False,Forms_Structured,0.0540138833851004,0.023748281682659137,anonymized_text,False,Forms_Structured,0.0538137505093595,0.023660289270168267,anonymized_text,False
syn_doc_019,Reports,Reports,0.10555290966441515,0.05553221687076215,text,True,Reports,0.11492535314789405,0.07459202447170535,anonymized_text,True,Reports,0.11407859486928187,0.07404243804443045,anonymized_text,True
syn_doc_020,Reports,Reports,0.048721646836988416,0.011257120464758179,text,True,Reports,0.054565300845913906,0.013731258986283475,anonymized_text,True,Reports,0.05423291399312921,0.013647614437669868,anonymized_text,True
syn_doc_021,Reports,Reports,0.08861303961039767,0.028580734206576572,text,True,Reports,0.09843860955582592,0.050793529667465386,anonymized_text,True,Reports,0.0983758895944929,0.050761166672588835,anonymized_text,True
syn_doc_022,Reports,Reports,0.08479249002124808,0.03244330359566627,text,True,Reports,0.09184632975448818,0.049433077273539024,anonymized_text,True,Reports,0.09129365637914699,0.0491356201433162,anonymized_text,True
syn_doc_023,Reports,Reports,0.08000175605662185,0.03805127121203873,text,True,Reports,0.08659740225618412,0.04437439386390536,anonymized_text,True,Reports,0.08604347822058936,0.044090551130916096,anonymized_text,True
syn_doc_024,Reports,Reports,0.06384379666964653,0.033943986079397026,text,True,Reports,0.06487803264340875,0.03231030065476709,anonymized_text,True,Reports,0.06463579763411455,0.03218966373560489,anonymized_text,True
syn_doc_025,Reports,Reports,0.07018905178684604,0.03634552200576168,text,True,Reports,0.06942458953076698,0.0421619594134475,anonymized_text,True,Reports,0.06920286231300132,0.042027303176810346,anonymized_text,True
syn_doc_026,Reports,Reports,0.07488614864080018,0.04475793295831079,text,True,Reports,0.07898156210728922,0.044669411426537575,anonymized_text,True,Reports,0.07782774396172021,0.04401684928316271,anonymized_text,True
syn_doc_027,Internal_Communications,Internal_Communications,0.08265233889870595,0.039410383415283655,text,True,Internal_Communications,0.09555654050015033,0.0455270949174024,anonymized_text,True,Internal_Communications,0.09454522763821972,0.04504526357006274,anonymized_text,True
syn_doc_028,Internal_Communications,Internal_Communications,0.07714709070072323,0.020777513962255294,text,True,Internal_Communications,0.081861494921819,0.02347207865426914,anonymized_text,True,Internal_Communications,0.08183800764418728,0.023465344166602217,anonymized_text,True
syn_doc_029,Internal_Communications,Internal_Communications,0.05103178897063536,1.8101674481935115e-05,text,True,Internal_Communications,0.05837830122351966,0.020256656591885046,anonymized_text,True,Internal_Communications,0.05808220342265431,0.02015391376888346,anonymized_text,True
syn_doc_030,Internal_Communications,Forms_Structured,0.059876404156233604,0.004348135603161579,text,False,Internal_Communications,0.05679475833546557,0.008259134344825392,anonymized_text,True,Internal_Communications,0.056828069148809966,0.008263978427107098,anonymized_text,True
syn_doc_031,Internal_Communications,Internal_Communications,0.07579115344943961,0.041073461114863645,text,True,Internal_Communications,0.08323878112659061,0.050620543228818565,anonymized_text,True,Internal_Communications,0.0827064840113494,0.050296833910061664,anonymized_text,True
syn_doc_032,Internal_Communications,Internal_Communications,0.041962353576827524,0.014655899100694331,text,True,Internal_Communications,0.04669477202376217,0.019400640186125074,anonymized_text,True,Internal_Communications,0.0464432743242559,0.019296148480430996,anonymized_text,True
syn_doc_033,Internal_Communications,Internal_Communications,0.06981537524258032,0.014714296713079424,text,True,Internal_Communications,0.07134152103455674,0.014376179970710772,anonymized_text,True,Internal_Communications,0.07137453592976793,0.015335608585162377,anonymized_text,True
syn_doc_034,Internal_Communications,Internal_Communications,0.03550646445169583,0.012119934016210924,text,True,Internal_Communications,0.03670846697786606,0.012873596685563201,anonymized_text,True,Internal_Communications,0.036769108903033705,0.012894863705167021,anonymized_text,True
syn_doc_035,Internal_Communications,Internal_Communications,0.0482189557422788,0.011131544283495463,text,True,Internal_Communications,0.049729441211236555,0.012799247889116759,anonymized_text,True,Internal_Communications,0.04970633684480367,0.01279330134103391,anonymized_text,True
syn_doc_036,Internal_Communications,Internal_Communications,0.08930489915669385,0.04514309018167999,text,True,Internal_Communications,0.09606576979076734,0.048210773833682115,anonymized_text,True,Internal_Communications,0.09604530587247609,0.04900036365868579,anonymized_text,True
syn_doc_037,Emails,Forms_Structured,0.017651725961763884,0.017651725961763884,text,False,Needs_Review,0.008952648064358538,0.003581115540225768,anonymized_text,False,Needs_Review,0.005355821945129698,0.005355821945129698,anonymized_text,False
syn_doc_038,Emails,Forms_Structured,0.028256284911982208,0.0067591426356893615,text,False,Forms_Structured,0.03491226373870312,0.008219632083641359,anonymized_text,False,Forms_Structured,0.03480669958868555,0.008194778396671619,anonymized_text,False
syn_doc_039,Emails,Emails,0.028537306709133677,0.004003987973771769,text,True,Emails,0.036148834688656206,0.002858825531305252,anonymized_text,True,Emails,0.035098221403121264,0.0022315469977204835,anonymized_text,True
syn_doc_040,Emails,Emails,0.03795475547214248,0.029849257357694316,text,True,Emails,0.04484677306870299,0.03396088683676722,anonymized_text,True,Emails,0.04841807294760889,0.03756572522075928,anonymized_text,True
syn_doc_041,Emails,Reports,0.025427787839943063,0.002161432767022721,text,False,Emails,0.04426296864594871,0.004458929955296419,anonymized_text,True,Reports,0.03977374732000794,0.006432054136442822,anonymized_text,False
syn_doc_042,Emails,Emails,0.0187366504675362,0.0027239005722764116,text,True,Emails,0.03876332943867434,0.01807400133808051,anonymized_text,True,Emails,0.02427587385724193,0.0035652974401693266,anonymized_text,True
syn_doc_043,Emails,Needs_Review,0.009732609668806092,0.009732609668806092,text,False,Internal_Communications,0.012561996157973812,0.004709632412069826,anonymized_text,False,Internal_Communications,0.012479181360929969,0.012479181360929969,anonymized_text,False
syn_doc_044,Emails,Needs_Review,0.0075733394164419566,0.0032055705758896377,text,False,Needs_Review,0.009368184696083632,0.0036824101842117775,anonymized_text,False,Needs_Review,0.009362786378374826,0.0042485916651557295,anonymized_text,False
syn_doc_045,Emails,Internal_Communications,0.020910699377579885,0.009275170229393233,text,False,Internal_Communications,0.01996095279472044,0.009141979453094924,anonymized_text,False,Internal_Communications,0.019940299424311827,0.01032160075940663,anonymized_text,False
syn_doc_046,Emails,Needs_Review,0.003569437749383115,0.00016431188126350606,text,False,Needs_Review,0.006520383802928952,0.0027752222574156417,anonymized_text,False,Needs_Review,0.003742856690680731,0.00020552536669010647,anonymized_text,False
syn_doc_047,Emails,Emails,0.025574962545529514,0.010580024452853774,text,True,Emails,0.027800792344538257,0.010435991052987537,anonymized_text,True,Emails,0.029799832668997453,0.01235821167373198,anonymized_text,True
syn_doc_048,Emails,Internal_Communications,0.019195974713733785,0.0015811278566347509,text,False,Emails,0.03571551381053502,0.011241134707184942,anonymized_text,True,Internal_Communications,0.024593133466693184,0.002140510339267019,anonymized_text,False
syn_doc_049,Emails,Emails,0.03329294630152047,0.007495082224400828,text,True,Emails,0.03743620584797006,0.009192239319065133,anonymized_text,True,Emails,0.03692203983454058,0.008595981396152242,anonymized_text,True
syn_doc_050,HR_Documents,HR_Documents,0.12765810608713754,0.11936467946435599,text,True,HR_Documents,0.10907683382745224,0.09680030249334097,anonymized_text,True,HR_Documents,0.10846702451930561,0.09625912685209319,anonymized_text,True
syn_doc_051,HR_Documents,HR_Documents,0.1245325214011221,0.09762888056645644,text,True,HR_Documents,0.0677639824863136,0.03691255979789895,anonymized_text,True,HR_Documents,0.06664719504366805,0.03630422065156082,anonymized_text,True
syn_doc_052,HR_Documents,HR_Documents,0.1418030974566077,0.1000308713641286,text,True,HR_Documents,0.12588526477673634,0.08501498701098657,anonymized_text,True,HR_Documents,0.12451434950115058,0.0817966778724292,anonymized_text,True
syn_doc_053,HR_Documents,HR_Documents,0.053474574885103154,0.04181438630982069,text,True,HR_Documents,0.0740875616912463,0.06385726068220668,anonymized_text,True,HR_Documents,0.07392362867228107,0.06053338130512358,anonymized_text,True
syn_doc_054,HR_Documents,HR_Documents,0.021132935071960596,0.016056592878042578,text,True,HR_Documents,0.026213986863167678,0.019601486847201928,anonymized_text,True,HR_Documents,0.026117084459466297,0.019529028155529822,anonymized_text,True
syn_doc_055,HR_Documents,HR_Documents,0.1581673427120804,0.144590775390697,text,True,HR_Documents,0.12855630805662083,0.1136655510859455,anonymized_text,True,HR_Documents,0.12786770459327199,0.11305670898924525,anonymized_text,True
syn_doc_056,HR_Documents,HR_Documents,0.07285086044858782,0.054548788775186825,text,True,HR_Documents,0.08687527598139327,0.06484486596919727,anonymized_text,True,HR_Documents,0.08621461653745022,0.06435174093897639,anonymized_text,True
syn_doc_057,HR_Documents,HR_Documents,0.0352153103706333,0.015396314385805528,text,True,HR_Documents,0.038607005379578826,0.006182871568411734,anonymized_text,True,HR_Documents,0.03823607821021004,0.006123467969844754,anonymized_text,True
syn_doc_058,HR_Documents,HR_Documents,0.022514903506574417,0.011483872498621725,text,True,HR_Documents,0.025280867994148443,0.019246904724999857,anonymized_text,True,HR_Documents,0.025288980490082134,0.019253080954247756,anonymized_text,True
syn_doc_060,HR_Documents,HR_Documents,0.0485224525399458,0.03598918815717992,text,True,HR_Documents,0.05530601037196767,0.037445780849006016,anonymized_text,True,HR_Documents,0.05515183199117199,0.037341392016398134,anonymized_text,True
syn_doc_061,HR_Documents,HR_Documents,0.04883347271227749,0.04185729666150259,text,True,HR_Documents,0.056623132420434374,0.04845816361092488,anonymized_text,True,HR_Documents,0.056225826350146814,0.04811814846632542,anonymized_text,True
syn_doc_062,Forms_Structured,HR_Documents,0.09174494710221141,0.004848485517107745,text,False,Forms_Structured,0.12535422171229138,0.007675445678206744,anonymized_text,True,Forms_Structured,0.12229845561727798,0.007488340957303011,anonymized_text,True
syn_doc_063,Forms_Structured,Forms_Structured,0.07390567062535146,0.05786327539535602,text,True,Forms_Structured,0.10606795335420945,0.09540791319939958,anonymized_text,True,Forms_Structured,0.1011271918243789,0.08112875404398538,anonymized_text,True
syn_doc_64,Forms_Structured,Forms_Structured,0.06038909123810183,0.04302647258884047,text,True,Forms_Structured,0.07011956748566428,0.05021244678221339,anonymized_text,True,Forms_Structured,0.06917869682814805,0.049538691659163914,anonymized_text,True
syn_doc_65,Forms_Structured,Forms_Structured,0.029338306692701897,0.008923242560949018,text,True,Forms_Structured,0.04011227903765009,0.008470010262729581,anonymized_text,True,Forms_Structured,0.03978178765268339,0.008400224514086778,anonymized_text,True
syn_doc_66,Forms_Structured,Forms_Structured,0.0304658258291379,0.022276079191857555,text,True,Forms_Structured,0.042152344024210205,0.033129106123314045,anonymized_text,True,Forms_Structured,0.04163700109601121,0.030369144312672645,anonymized_text,True
syn_doc_67,Forms_Structured,Needs_Review,0.00786021476047065,0.0025608957508474707,text,False,Needs_Review,0.006720451777536949,0.0016456860698891617,anonymized_text,False,Needs_Review,0.009875771478776144,0.0032291639869277307,anonymized_text,False
