doc_id,filename,file_format,source,source_url,language,retrieval_date,publication_date,license,simulated_banking_role
doc_0001,784970BR0FSAP000Box377344B00PUBLIC0.pdf,pdf,world_bank,https://openknowledge.worldbank.org/server/api/core/bitstreams/a3ee3c65-1982-5537-b44f-096e93a04c63/content,en,2025-12-25,2011-11-x,open access,Risk Analyst / Financial Stability Analyst
doc_0002,WPS6577.pdf,pdf,world_bank,https://openknowledge.worldbank.org/server/api/core/bitstreams/7b175a77-5fc0-5b74-958a-63c8e13e17f3/content,en,2025-12-25,2013-08-x,open access,Risk Analyst / Financial Stability Analyst
doc_0003,953890WP0Box380otection0August02013.pdf,pdf,world_bank,https://openknowledge.worldbank.org/server/api/core/bitstreams/63ca2de0-8c1d-5219-b197-64a57a062fa6/content,en,2025-12-25,2013-08-16,open access,Compliance Officer
doc_0004,850110BR0FSAP00C0Disclosed020200140.pdf,pdf,world_bank,https://openknowledge.worldbank.org/server/api/core/bitstreams/0ae1ec08-f7e0-5b1a-b455-3c1db99748f8/content,en,2025-12-29,2014-01-x,open access,Risk Analyst / Financial Stability Analyst
doc_0005,926180FSAP0P1300PUBLIC00Vietnam0FSA.pdf,pdf,world_bank,https://openknowledge.worldbank.org/server/api/core/bitstreams/19fa3851-d567-5619-90fd-96242410e660/content,en,2025-12-29,2014-06-x,open access,Risk Analyst / Financial Stability Analyst
doc_0006,Guidance on Risk-Based Supervision.html,html,financial_action_task_force,https://www.fatf-gafi.org/en/publications/Fatfrecommendations/Guidance-rba-supervision.html,en, 2025-12-29,2021-03-04,open access,Risk Analyst / Financial Stability Analyst
doc_0007,Jurisdictions under Increased Monitoring - 24 October 2025.html,html,financial_action_task_force,https://www.fatf-gafi.org/content/fatf-gafi/en/publications/High-risk-and-other-monitored-jurisdictions/increased-monitoring-october-2025.html,en, 2025-12-29,2025-10-24,open access,Compliance Officer
doc_0008,RBA-Effective-supervision-and-enforcement.pdf,pdf, financial_action_task_force,https://www.fatf-gafi.org/en/publications/Fatfrecommendations/Rba-effective-supervision-and-enforcement.html, en,2025-12-25,2015-10-x,open access ,Risk Analyst / Financial Stability Analyst
doc_0009,Guidance-Beneficial-Ownership-Transparency-Legal-Arrangements.pdf,pdf, financial_action_task_force,https://www.fatf-gafi.org/en/publications/Fatfrecommendations/Guidance-Beneficial-Ownership-Transparency-Legal-Arrangements.html,en,2025-12-25,2024-03-x,open access,Compliance Officer
doc_0010,RBA-Accounting-Profession.pdf, pdf, financial_action_task_force,https://www.fatf-gafi.org/en/publications/Fatfrecommendations/Rba-accounting-profession.html,en,2025-12-25,2019-06-x,open access,Compliance Officer
doc_0011,Money Laundering National Risk Assessment Toolkit.pdf, pdf, FAfinancial_action_task_force,https://www.fatf-gafi.org/en/publications/Methodsandtrends/Money-Laundering-National-Risk-Assessment-Toolkit-Annexes.html,en,2025-12-25,2025-08-x,open access,Risk Analyst / Financial Stability Analyst
doc_0012,Financial Inclusion Guidance-Public Consultation-Feb2025.docx,docx,financial_action_task_force,https://www.fatf-gafi.org/en/public-consultations/financial-inclusion-guidance.html,en,,2025-02-x,open access,Compliance Officer
doc_0013,Guidance-Correspondent-Banking-Services.pdf,pdf,financial_action_task_force,https://www.fatf-gafi.org/en/publications/Fatfrecommendations/Guidance-Correspondent-Banking-Services.html,en,,,open access,Compliance Officer
doc_0014,Guidance-Financial-Inclusion-Anti-Money-Laundering-Terrorist-Financing-Measures.pdf,pdf,financial_action_task_force,https://www.fatf-gafi.org/en/publications/Fatfrecommendations/Guidance-Financial-Inclusion-Anti-Money-Laundering-Terrorist-Financing-Measures.html,en,,,open access,Compliance Officer
doc_0015,June2023-Targeted-Update-VA-VASP.pdf,pdf,financial_action_task_force,https://www.fatf-gafi.org/en/publications/Fatfrecommendations/targeted-update-virtual-assets-vasps-2023.html,en,,2023-06-x,open access,Compliance Officer
doc_0016,Updated-2017-FATF-2013-Guidance.pdf,pdf,financial_action_task_force,https://www.fatf-gafi.org/en/publications/Fatfrecommendations/Updated-2017-FATF-2013-Guidance.html,en,,2017-x,open access,Risk Analyst / Financial Stability Analyst
doc_0017,aggregatereportonthecomprehensiveassessmentexsum201410.en.pdf,pdf,european_central_bank,https://www.bankingsupervision.europa.eu/ecb/pub/pdf/aggregatereportonthecomprehensiveassessmentexsum201410.en.pdf,en,,2014-10-x,open access,Risk Analyst / Financial Stability Analyst
doc_0018,aggregatereportonthecomprehensiveassessmentexsum201510.en.pdf,pdf,european_central_bank,https://www.bankingsupervision.europa.eu/ecb/pub/pdf/aggregatereportonthecomprehensiveassessmentexsum201510.en.pdf,en,,2015-10-x,open access,Risk Analyst / Financial Stability Analyst
doc_0019,ssm.aroutcomesrepitriskquestionnaire202007~9ed9aaa17d.en.pdf,pdf,european_central_bank,https://www.bankingsupervision.europa.eu/ecb/pub/pdf/ssm.aroutcomesrepitriskquestionnaire202007~9ed9aaa17d.en.pdf,en,,2020-07-x,open access,Risk Analyst / Financial Stability Analyst
doc_0020,ssm.creditunderwriting202006~d2a9e3329c.en.pdf,pdf,european_central_bank,https://www.bankingsupervision.europa.eu/ecb/pub/pdf/ssm.creditunderwriting202006~d2a9e3329c.en.pdf,en,,2020-06-x,open access,Risk Analyst / Financial Stability Analyst
doc_0021,ssm.leveraged_transactions_guidance_201705.en.pdf,pdf,european_central_bank,https://www.bankingsupervision.europa.eu/ecb/pub/pdf/ssm.leveraged_transactions_guidance_201705.en.pdf,en,,2017-05-x,open access,Risk Analyst / Financial Stability Analyst
doc_0022,ssm.reportbanksicaappractices202007~fc93bf05d9.en.pdf,pdf,european_central_bank,https://www.bankingsupervision.europa.eu/ecb/pub/pdf/ssm.reportbanksicaappractices202007~fc93bf05d9.en.pdf,en,,2020-07-x,open access,Risk Analyst / Financial Stability Analyst
doc_0023,ssm.reportrecoveryplans201807.en.pdf,pdf,european_central_bank,https://www.bankingsupervision.europa.eu/ecb/pub/pdf/ssm.reportrecoveryplans201807.en.pdf,en,,2018-07-x,open access,Risk Analyst / Financial Stability Analyst
doc_0024,ssm.supervisory_guides202401_manual.en.pdf,pdf,european_central_bank,https://www.bankingsupervision.europa.eu/ecb/pub/pdf/ssm.supervisory_guides202401_manual.en.pdf,en,,2024-01-x,open access,Compliance Officer
doc_0025,ssm.supervisory_guides240503_riskreporting.en.pdf,pdf,european_central_bank,https://www.bankingsupervision.europa.eu/ecb/pub/pdf/ssm.supervisory_guides240503_riskreporting.en.pdf,en,,2024-05-03,open access,Risk Analyst / Financial Stability Analyst
doc_0026,ssmguidebankingsupervision201411.en.pdf,pdf,european_central_bank,https://www.bankingsupervision.europa.eu/ecb/pub/pdf/ssmguidebankingsupervision201411.en.pdf,en,,2014-11-x,open access,Compliance Officer
doc_0027,ssmqr20144.en.pdf,pdf,european_central_bank,https://www.bankingsupervision.europa.eu/ecb/pub/pdf/ssmqr20144.en.pdf,en,,2014-x,open access,Risk Analyst / Financial Stability Analyst
doc_0028,d486.pdf,pdf,bis,https://www.bis.org/bcbs/publ/d486.pdf,en,,2019-11-x,open access,Risk Analyst / Financial Stability Analyst
doc_0029,d487.pdf,pdf,bis,https://www.bis.org/bcbs/publ/d487.pdf,en,,2019-11-x,open access,Risk Analyst / Financial Stability Analyst
doc_0030,d500.pdf,pdf,bis,https://www.bis.org/bcbs/publ/d500.pdf,en,,2020-04-x,open access,Risk Analyst / Financial Stability Analyst
doc_0031,d509.pdf,pdf,bis,https://www.bis.org/bcbs/publ/d509.pdf,en,,2020-08-x,open access,Risk Analyst / Financial Stability Analyst
doc_0032,d511.pdf,pdf,bis,https://www.bis.org/bcbs/publ/d511.pdf,en,,2020-11-x,open access,Risk Analyst / Financial Stability Analyst
doc_0033,d513.pdf,pdf,bis,https://www.bis.org/bcbs/publ/d513.pdf,en,,2020-12-x,open access,Compliance Officer
doc_0034,d516.pdf,pdf,bis,https://www.bis.org/bcbs/publ/d516.pdf,en,,2021-03-x,open access,Risk Analyst / Financial Stability Analyst
doc_0035,d539.pdf,pdf,bis,https://www.bis.org/bcbs/publ/d539.pdf,en,,2022-09-x,open access,Compliance Officer
doc_0036,d555.pdf,pdf,bis,https://www.bis.org/bcbs/publ/d555.pdf,en,,2023-10-x,open access,Risk Analyst / Financial Stability Analyst
doc_0037,d556.pdf,pdf,bis,https://www.bis.org/bcbs/publ/d556.pdf,en,,2023-10-17,open access,Compliance Officer
doc_0038,d573.pdf,pdf,bis,https://www.bis.org/bcbs/publ/d573.pdf,en,,2024-04-25,open access,Compliance Officer
doc_0039,d574.pdf,pdf,bis,https://www.bis.org/bcbs/publ/d574.pdf,en,,2024-04-30,open access,Risk Analyst / Financial Stability Analyst
doc_0040,d584.pdf,pdf,bis,https://www.bis.org/bcbs/publ/d584.pdf,en,,2025-01-31,open access,Risk Analyst / Financial Stability Analyst
doc_0041,d588.pdf,pdf,bis,https://www.bis.org/bcbs/publ/d588.pdf,en,,2024-12-x,open access,Risk Analyst / Financial Stability Analyst
doc_0042,d591.pdf,pdf,bis,https://www.bis.org/bcbs/publ/d591.pdf,en,,2025-02-x,open access,Risk Analyst / Financial Stability Analyst
doc_0043,Bank-Policy-Development-pol-fin.pdf,pdf,world_bank,,en,2026-04-28,,open access,Risk Analyst / Financial Stability Analyst
doc_0044,406760v10ESW0P1sclosed0July03002008.pdf,pdf,world_bank,http://documents.worldbank.org/curated/en/913721468256520706/pdf/406760v10ESW0P1sclosed0July03002008.pdf,en,2026-04-28,,open access,Risk Analyst / Financial Stability Analyst
doc_0045,428860ESW0GE0P1010disclosed0Jan0281.pdf,pdf,world_bank,http://documents.worldbank.org/curated/en/595251468031592121/pdf/428860ESW0GE0P1010disclosed0Jan0281.pdf,en,2026-04-28,,open access,Risk Analyst / Financial Stability Analyst
doc_0046,468260v20ESW0P1sclosed0May020201012.pdf,pdf,world_bank,http://documents.worldbank.org/curated/en/573291468299654697/pdf/468260v20ESW0P1sclosed0May020201012.pdf,en,2026-04-28,2010-07-01,open access,Risk Analyst / Financial Stability Analyst
doc_0047,689020ESW0P1150vernment0of0Pakistan.pdf,pdf,world_bank,http://documents.worldbank.org/curated/en/323471468065937764/pdf/689020ESW0P1150vernment0of0Pakistan.pdf,en,2026-04-28,2015-07-17,open access,Risk Analyst / Financial Stability Analyst
doc_0048,Belarus-Public-expenditure-and-financial-accountability-PEFA-public-financial-management-performance-report.pdf,pdf,world_bank,http://documents.worldbank.org/curated/en/438881468014421097/pdf/897370ESW0P14300Box385321B00PUBLIC0.pdf,en,2026-04-28,,open access,Risk Analyst / Financial Stability Analyst
doc_0049,Montenegro-Public-expenditure-and-financial-accountability-assessment.pdf,pdf,world_bank,http://documents.worldbank.org/curated/en/974421468060527882/pdf/Montenegro-Public-expenditure-and-financial-accountability-assessment.pdf,en,2026-04-28,,open access,Risk Analyst / Financial Stability Analyst
doc_0050,Public-expenditure-review-summary.pdf,pdf,world_bank,http://documents.worldbank.org/curated/en/146351468040728696/pdf/Public-expenditure-review-summary.pdf,en,2026-04-28,,open access,Risk Analyst / Financial Stability Analyst
doc_0051,The State of Economic Inclusion Report 2024.pdf,pdf,world_bank,http://documents.worldbank.org/curated/en/099021025163524784/pdf/P18035316b17d606a187411090f6aa39736.pdf,en,2026-04-28,2024-x,open access,Risk Analyst / Financial Stability Analyst
doc_0052,West-Bank-and-Gaza-Public-expenditure-and-financial-accountability-public-financial-management-performance-report.pdf,pdf,world_bank,http://documents.worldbank.org/curated/en/221731468329969745/pdf/West-Bank-and-Gaza-Public-expenditure-and-financial-accountability-public-financial-management-performance-report.pdf,en,2026-04-28,,open access,Risk Analyst / Financial Stability Analyst
doc_0053,110706-FSAP-P156163-PUBLIC-Chile-FSAP-Stand-alone-ROSC-PFMI-ComBanc-publication.pdf,pdf,world_bank,https://openknowledge.worldbank.org/server/api/core/bitstreams/4e822976-5fe2-53a2-b111-2ae1d65a5311/content,en,2026-04-28,2016-05,open access,Risk Analyst / Financial Stability Analyst
doc_0054,26734.pdf,pdf,world_bank,https://openknowledge.worldbank.org/server/api/core/bitstreams/7a2e1c71-ba57-535c-bcfa-3c1a0b5a06ad/content,en,2026-04-28,2003-08,open access,Risk Analyst / Financial Stability Analyst
doc_0055,297520NE.pdf,pdf,world_bank,https://openknowledge.worldbank.org/server/api/core/bitstreams/a7de7a5e-9aa9-5be1-bd50-0366ebda3bef/content,en,2026-04-28,2004-12,open access,Risk Analyst / Financial Stability Analyst
doc_0056,339920BG.pdf,pdf,world_bank,,en,2026-04-28,2006-02,open access,Risk Analyst / Financial Stability Analyst
doc_0057,397620PK0white1ISTAN0PFMAA01PUBLIC1.pdf,pdf,world_bank,https://openknowledge.worldbank.org/server/api/core/bitstreams/f26ca120-6566-5198-8d44-effa3d4fc6a5/content,en,2026-04-28,2007-05,open access,Risk Analyst / Financial Stability Analyst
doc_0058,401610VOL1020E10BOX327397B01public1.pdf,pdf,world_bank,https://openknowledge.worldbank.org/server/api/core/bitstreams/b7a98b51-7cf5-558a-a30a-25dac3a49b7e/content,en,2026-04-28,2007-06-24,open access,Risk Analyst / Financial Stability Analyst
doc_0059,463230ESW0WHIT11WB0Printed0version1.pdf,pdf,world_bank,https://openknowledge.worldbank.org/server/api/core/bitstreams/56740ba8-cbd1-5a3f-93bc-77c2b19ea010/content,en,2026-04-28,2009-09-18,open access,Risk Analyst / Financial Stability Analyst
doc_0060,524230BR0P1151101Official0Use0Only1.pdf,pdf,world_bank,https://openknowledge.worldbank.org/server/api/core/bitstreams/e17deac7-98c2-56e1-ac56-3ec04646ff20/content,en,2026-04-28,2009-12,open access,Risk Analyst / Financial Stability Analyst
doc_0061,708650BR0SecM20Official0Use0Only090.pdf,pdf,world_bank,https://openknowledge.worldbank.org/server/api/core/bitstreams/a7ffa8a8-0eaf-5a5d-8b3d-d454b97ea16a/content,en,2026-04-28,2012-06,open access,Risk Analyst / Financial Stability Analyst
doc_0062,784470FSAP0sec0Box0377345B00PUBLIC0.pdf,pdf,world_bank,https://openknowledge.worldbank.org/server/api/core/bitstreams/7d3bbcbc-1c67-5294-a716-1b018ba12eec/content,en,2026-04-28,2007-12,open access,Risk Analyst / Financial Stability Analyst
doc_0063,96310-FSAP-P149283-SecM2015-0184-Box391433B-OUO-9.pdf,pdf,world_bank,,en,2026-04-28,2015-04,open access,Risk Analyst / Financial Stability Analyst
doc_0064,Kenya-State-Corporations-Review-Corporate-Governance-and-Fiscal-Risks-of-State-Corporations.pdf,pdf,world_bank,https://openknowledge.worldbank.org/server/api/core/bitstreams/3768929f-d448-5349-877a-f33b8781d336/content,en,2026-04-28,2021-08,open access,Risk Analyst / Financial Stability Analyst
doc_0065,Philippines-Financial-Sector-Assessment-Program-Capital-Markets-Development-Technical-Note.pdf,pdf,world_bank,https://openknowledge.worldbank.org/server/api/core/bitstreams/23efba48-7223-5793-9d6f-3a9d3fd4f7d9/content,en,2026-04-28,2019-07,open access,Risk Analyst / Financial Stability Analyst
doc_0066,Romania-FSAP-Update-2018-FSA-07172018.pdf,pdf,world_bank,,en,2026-04-28,2018-07,open access,Risk Analyst / Financial Stability Analyst
doc_0067,Russian-Federation-FSA-07272016.pdf,pdf,world_bank,,en,2026-04-28,2016-07,open access,Risk Analyst / Financial Stability Analyst
